Species,Confidence,X2023ESI_01,X2023ESI_02,X2023ESI_03,X2023ESI_04,X2023ESI_05,X2023ESI_06,X2023ESI_07,X2023ESI_08,X2023ESI_09,X2023ESI_10,X2023ESI_12,X2023ESI_13,X2023ESI_14,X2023ESI_15,X2023ESI_17,X2023ESI_18,X2023ESI_19,X2023ESI_21,X2023ESI_22,X499612,X499613,X499614,X499615,X499616,X499617,X499618,X499619,X499620,X499621,X499622,X499623,X499624,X499625,X499626,X499627,X499628,X499629,X499630,X499631,X499632,X499633,X499634,X499635,X499636,X499637,X499638,X499639,X499640,X499641,X499642,X499643,X499644,X499645,X499646,X499647,X499648,X499649,X499650,X499651,X499652,X499653,X499654,X499655
Micromonas_pusilla,1,640,2312,494,1473,0,1037,0,291,441,1016,2057,0,759,612,1078,2032,0,319,371,0,0,0,0,0,17,0,0,0,0,0,165,31,100,0,7,45,0,0,60,74,165,0,0,0,0,0,0,0,0,0,32,19,47,0,22,12,23,0,0,0,0,0,0
Micromonas_pusilla,1,41656,6919,18453,3619,0,1643,0,7361,10022,17218,3109,0,2231,15009,14728,6496,0,9756,3784,12287,15963,24077,7619,4681,4256,0,32116,47098,41385,0,3200,8429,3079,1652,40849,55767,59413,0,6561,7214,20364,0,9561,3275,8436,0,59736,76525,72253,0,5975,4910,4644,0,3107,3592,2252,0,27431,54459,60727,0,0
Jaera_albifrons,1,0,0,0,0,0,0,0,0,0,0,0,0,0,0,0,0,0,0,0,0,0,0,19,0,0,0,0,0,0,0,0,0,0,0,0,0,0,0,0,0,0,0,0,0,0,0,0,0,0,0,0,4722,4381,0,0,0,0,0,0,0,0,0,0
Eurytemora_herdmani,1,0,0,0,244,0,0,0,0,0,0,0,0,405,0,0,31,0,0,0,0,0,23,0,0,0,0,0,0,101,0,0,0,0,0,1675,3296,410,0,0,0,0,0,120,283,274,0,0,31,0,0,0,0,0,0,0,85,0,0,0,0,85,0,0
Micromonas_pusilla,0.97,882,1153,622,709,0,327,0,401,910,2060,617,0,330,1072,1735,606,0,674,611,164,224,262,0,0,0,0,155,156,149,0,0,0,0,0,0,0,0,0,0,0,0,0,0,0,0,0,0,0,0,0,0,0,0,0,0,0,0,0,0,0,0,0,0
Micromonas_pusilla,0.95,956,709,627,604,0,0,0,0,748,1688,0,0,331,911,1429,0,0,571,556,0,0,0,0,0,0,0,0,0,0,0,0,0,0,0,0,0,0,0,0,0,0,0,0,0,0,0,0,0,0,0,0,0,0,0,0,0,0,0,0,0,0,0,0
Micromonas_pusilla,0.97,221043,185091,161371,107625,0,58502,0,96946,137005,373096,89066,0,60621,215198,333603,106246,0,137697,134336,20444,27871,44162,2839,2514,2437,0,36250,23357,31794,0,1224,1130,896,0,5077,10418,9725,0,90,327,562,0,102,27,40,0,663,630,565,0,169,135,245,0,120,230,132,0,411,513,684,0,0
Micromonas_pusilla,0.96,4524,2435,3249,1472,0,636,0,1704,2548,4940,1144,0,938,4198,4215,1343,0,2478,1737,509,856,1272,0,0,0,0,302,0,295,0,0,0,0,0,0,0,0,0,0,0,0,0,0,0,0,0,92,0,0,0,0,0,0,0,0,0,0,0,0,0,0,0,0
Micromonas_pusilla,0.97,964,1009,951,582,0,364,0,0,746,2615,616,0,337,1438,2143,779,0,0,914,0,229,366,0,0,0,0,406,486,399,0,0,0,0,0,258,0,0,0,0,0,0,0,0,0,0,0,0,0,0,0,0,0,0,0,0,0,0,0,0,0,0,0,0
Micromonas_pusilla,1,0,0,15,0,0,0,0,0,11,0,0,0,0,0,0,0,0,0,0,0,0,0,4970,2508,2046,0,0,96,34,0,0,0,13,0,0,52,0,0,1002,1388,2383,0,1282,593,1065,0,4421,5464,5466,0,582,547,658,0,1160,1009,1218,0,2049,3543,3867,0,0
Micromonas_pusilla,0.97,50,0,0,0,0,0,0,0,0,0,0,0,0,0,0,0,0,20,11,0,0,23,73,75,55,0,0,58,0,0,0,0,0,0,0,57,0,0,789,1026,1601,0,405,171,326,0,1098,1235,1030,0,324,158,260,0,133,119,119,0,498,909,1263,0,0
Micromonas_pusilla,0.97,0,36,94,15,0,18,0,24,49,72,27,0,0,0,42,0,0,0,0,46,73,0,1209,733,613,0,97,77,119,0,25,101,0,0,0,124,150,0,2416,2522,3546,0,1852,730,1112,0,3918,5356,5281,0,1064,684,853,0,393,225,251,0,2271,4056,4484,0,0
Micromonas_pusilla,1,184,105,1326,49,0,14,0,646,1038,544,49,0,25,179,431,47,0,143,190,172,160,335,12578,8141,7174,0,538,719,743,0,0,119,9,0,303,360,499,0,568,419,1007,0,554,310,462,0,1299,1306,1180,0,393,111,267,0,154,127,98,0,1407,2299,2554,0,0
Polyides_rotunda,1,324,18538,52,14548,0,0,0,0,50,23,0,0,15037,131,0,0,0,68,5,20,0,10,0,0,0,0,23,0,11,0,0,0,0,0,49,0,0,0,0,0,0,0,70,91,72,0,0,0,0,0,166,136,321,0,65,67,96,0,11,6,0,0,0
Prionospio_steenstrupi,1,0,23947,0,17223,0,11432,0,0,0,84,10290,0,13459,0,709,10609,0,0,2546,0,0,0,0,0,0,0,0,0,0,0,0,0,0,0,0,0,0,0,0,0,0,0,0,0,0,0,0,0,0,0,0,0,0,0,0,0,0,0,0,0,0,0,0
Prionospio_steenstrupi,1,18,33004,0,26205,0,24488,0,0,0,961,16557,0,27487,0,755,10369,0,0,402,0,0,0,0,0,0,0,0,0,0,0,0,0,0,0,0,0,0,0,0,0,0,0,0,0,0,0,0,0,0,0,0,0,0,0,0,0,0,0,0,0,0,0,0
Asterias_forbesi,1,0,0,60,0,0,0,0,0,0,0,22,0,0,11,0,0,0,22,17,0,0,0,0,0,0,0,0,709,21,0,175,144,334,0,5738,0,0,0,0,0,0,0,0,0,0,0,0,0,0,0,0,0,82,0,0,0,0,0,0,0,0,0,0
Melanothamnus_harveyi,1,140,14,0,0,0,32,0,0,0,30,0,0,77,60,0,56,0,58,0,0,11,0,0,0,7,0,21,0,0,0,1773,274,180,0,0,0,0,0,0,25,260,0,92,0,0,0,3083,48,140,0,262,467,478,0,0,0,0,0,23,15,7,0,0
Dasysiphonia_japonica,1,1201,1340,132,1520,0,114,0,0,16,464,18,0,1562,172,504,0,0,10,786,2011,363,88,0,0,0,0,61,0,1014,0,0,511,52,0,1239,120,573,0,0,0,0,0,0,17,0,0,55,0,0,0,769,1506,8886,0,1227,345,88,0,0,0,454,0,0
Dasysiphonia_japonica,1,0,1475,0,870,0,0,0,14,0,395,0,0,1682,0,128,0,0,0,1557,369,364,112,7,0,0,0,0,62,393,0,0,0,0,0,0,0,406,0,823,0,0,0,0,0,39,0,0,0,0,0,558,584,421,0,1180,381,0,0,0,79,163,0,0
Cryptocotyle_lingua,1,0,0,0,0,0,0,0,0,0,0,0,0,0,0,0,0,0,0,0,0,0,0,0,0,0,0,0,0,0,0,0,2766,1989,0,0,0,0,0,0,0,0,0,0,0,0,0,2431,0,0,0,0,95,0,0,0,0,0,0,0,0,0,0,0
Cryptocotyle_lingua,1,1146,0,0,0,0,0,0,0,1289,0,0,0,0,16,0,0,0,16,0,0,1066,636,2303,0,0,0,2105,70,0,0,667,3961,9745,0,0,0,28,0,0,0,0,0,0,0,0,0,8564,1877,845,0,1346,5862,2541,0,0,0,0,0,0,0,0,0,0
Cryptocotyle_lingua,1,1322,0,0,0,0,0,0,0,0,0,0,0,0,0,0,0,0,0,0,8,0,578,0,0,0,0,0,0,0,0,0,0,4057,0,0,0,0,0,0,0,0,0,0,0,0,0,2578,0,0,0,2301,3220,0,0,0,0,0,0,0,0,0,0,0
Mya_arenaria,1,0,0,256,0,0,20,0,531,310,0,0,0,0,233,0,140,0,15,0,0,17,0,214,933,832,0,14,1092,687,0,0,10,75,0,0,0,0,0,0,0,0,0,474,0,0,0,664,0,25,0,0,26,0,0,31,41,0,0,680,0,0,0,0
Pherusa_affinis,1,1171,0,5571,0,0,66,0,782,821,0,44,0,73,6112,0,72,0,775,0,2182,2874,378,0,0,0,0,392,231,5850,0,0,12,0,0,0,0,0,0,0,0,0,0,0,0,0,0,0,0,0,0,0,0,0,0,0,0,10,0,0,0,0,0,0
Lacuna_vincta,1,0,0,38,0,0,0,0,0,0,0,0,0,0,278,0,0,0,0,0,0,12205,50,0,0,0,0,0,0,0,0,0,0,0,0,0,0,0,0,0,0,0,0,0,0,868,0,0,0,0,0,0,19487,0,0,0,0,0,0,0,0,0,0,0
Lacuna_vincta,1,0,0,119,0,0,120,0,142,0,106,841,0,0,0,177,4210,0,1375,938,725,90208,162,16,0,13,0,2457,1438,546,0,2787,61,0,0,3734,0,0,0,0,0,0,0,2528,0,0,0,2722,0,0,0,1165,0,15624,0,28,55,0,0,55,3,17,0,0
Polydora_onagawaensis,1,0,0,0,0,0,0,0,0,23,0,13,0,8731,0,0,8045,0,0,31,0,0,0,0,0,0,0,4176,0,0,0,0,0,0,0,1155,1155,0,0,0,0,0,0,0,212,0,0,0,0,0,0,0,0,0,0,0,0,0,0,0,0,0,0,0
Harmothoe_imbricata,1,0,1809,0,9198,0,0,0,3,0,0,14,0,6868,0,3701,3025,0,0,5810,0,0,0,0,0,0,0,0,0,0,0,0,0,0,0,0,0,0,0,0,0,0,0,0,0,21,0,0,0,0,0,0,0,0,0,0,0,0,0,0,0,0,0,0
Euchlanis_dilatata,1,0,0,0,0,12122,0,0,0,0,0,0,0,0,0,0,0,0,0,0,0,0,0,0,0,0,0,0,0,0,0,0,0,0,0,0,0,0,0,0,0,0,0,0,0,0,0,0,0,0,0,0,0,0,0,0,0,0,0,0,0,0,0,0
Dinophilus_vorticoides,1,491,8,0,0,0,17739,0,0,0,114,218,0,0,581,135,6661,0,477,239,0,0,0,0,0,0,0,0,0,0,0,54,0,0,0,0,0,0,0,0,0,0,0,0,0,0,0,0,0,0,0,0,0,0,0,0,0,0,0,0,0,0,0,0
Dexamine_thea,1,0,0,0,0,0,0,0,0,0,0,0,0,0,0,0,15203,0,0,0,0,0,0,0,0,0,0,0,0,0,0,0,0,0,0,0,0,0,0,0,0,0,0,0,0,0,0,0,0,0,0,0,0,0,0,0,0,0,0,0,0,0,0,0
Pholoe_minuta,0.98,511,5,0,0,0,333,0,0,0,1331,687,0,538,0,4595,2179,0,621,305,0,0,0,0,0,0,0,0,0,0,0,0,0,7588,0,0,0,0,0,0,0,0,0,0,0,0,0,0,0,0,0,0,0,0,0,0,0,0,0,0,0,0,0,0
Pholoe_minuta,0.97,0,0,0,0,0,207,0,0,0,2175,544,0,0,0,1834,81,0,215,1807,0,0,0,0,0,0,0,0,0,0,0,0,0,0,0,0,0,0,0,0,0,0,0,0,0,0,0,0,0,0,0,0,0,0,0,0,0,0,0,0,0,0,0,0
Oithona_similis,1,1075,56,0,0,0,8,0,0,0,20,35,0,79,1045,11,0,0,1051,0,789,300,100,0,0,33,0,434,104,202,0,418,232,443,0,7497,3593,4110,0,745,3916,1871,0,2249,895,3620,0,957,722,910,0,1487,155,123,0,35,0,105,0,2529,388,856,0,0
Polydora_cornuta,1,1052,3717,38,1447,0,160,0,1533,12,0,116,0,1137,4605,2604,126,0,17279,0,333,1875,0,0,8,0,0,18788,2255,3488,0,98,117,0,0,19407,77,98,0,0,0,22,0,0,0,0,0,12220,0,0,0,0,13,33,0,0,1991,4,0,0,1981,0,0,0
Polydora_cornuta,1,0,0,0,0,0,0,0,0,0,0,0,0,0,0,0,0,0,0,0,0,8242,0,1628,0,0,0,0,0,146,0,0,0,0,0,0,0,0,0,0,0,0,0,0,0,0,0,0,0,0,0,0,0,0,0,0,0,0,0,0,0,0,0,0
Polydora_cornuta,1,93,0,0,0,0,0,0,0,0,0,0,0,0,408,0,0,0,3207,0,0,0,895,0,0,0,0,0,1056,657,0,50,0,0,0,941,45,0,0,0,0,0,0,0,0,0,0,0,0,0,0,0,0,0,0,1207,0,0,0,0,0,0,0,0
Acartia_hudsonica,1,0,3022,0,28,0,655,0,311,779,915,5018,0,2461,0,0,1064,0,0,3607,284,165,69,0,0,0,0,825,1351,2890,0,4116,5310,1582,0,72357,41076,25703,0,0,1864,0,0,12643,4710,5139,0,3563,3540,2063,0,264,881,676,0,0,0,0,0,0,292,560,0,0
Acartia_hudsonica,1,40,1074,319,0,0,665,0,0,0,912,0,0,462,506,0,0,0,0,914,0,0,0,0,0,0,0,0,0,118,0,0,738,398,0,19637,3968,1762,0,0,821,0,0,1603,962,1508,0,249,546,1369,0,0,152,2448,0,354,0,98,0,0,0,100,0,0
Acartia_hudsonica,1,0,0,0,2913,0,0,0,0,6753,725,0,0,2931,1417,462,0,0,0,0,287,295,0,0,0,0,0,971,436,549,0,471,1625,296,0,48202,28295,16020,0,0,297,0,0,4158,2705,4137,0,2447,915,1122,0,0,0,0,0,0,0,0,0,97,162,702,0,0
Sarsia_tubulosa,1,42,15,0,220090,0,0,0,0,0,113,11,0,259639,35,134,110,0,29,212,0,0,0,0,0,0,0,0,0,0,0,115,6,83,0,0,0,0,0,0,0,0,0,0,0,0,0,0,0,0,0,0,0,0,0,0,0,0,0,0,0,0,0,0
Rathkea_octopunctata,0.98,0,23,0,39536,0,721,0,0,0,41,37445,0,0,0,85,785,0,0,16,0,0,0,0,0,0,0,0,0,0,0,0,0,7,0,0,0,0,0,0,0,0,0,0,0,0,0,0,0,0,0,0,0,0,0,0,0,0,0,0,0,0,0,0
Rathkea_octopunctata,0.98,0,0,0,0,0,0,0,0,0,0,153125,0,0,0,0,0,0,0,0,0,0,0,0,0,0,0,0,0,0,0,0,0,0,0,0,0,0,0,0,0,0,0,0,0,0,0,0,0,0,0,0,0,0,0,0,0,0,0,0,0,0,0,0
Bonnemaisonia_hamifera,1,61,83,155,93,0,886,0,277,1879,536,0,0,581,102,206,567,0,218,2460,692,40,61,14,0,18,0,34,0,0,0,149,212,0,0,0,0,0,0,26,466,585,0,0,224,253,0,15698,5,12,0,70,228,1083,0,6927,961,306,0,2581,31,5035,0,0
Rhodomela_lycopodioides,1,849,328,576,1429,0,3340,0,272,228,944,616,0,1268,783,892,1326,0,465,1608,23,0,31,0,14,0,0,0,0,0,0,0,18,35,0,19,0,0,0,0,0,0,0,0,0,0,0,0,0,0,0,20,0,0,0,0,0,10,0,0,0,0,0,0
Rhodophysema_georgei,1,43,0,30,0,0,140,0,0,6,86,70,0,7,7,116,53,0,3,40,5,34,102,75,124,47,0,0,0,9,0,6,18,2,0,0,0,0,0,0,0,0,0,0,0,11,0,156,0,23,0,215,2481,7226,0,359,334,193,0,0,0,0,0,0
Corallina_officinalis,1,769,899,613,822,0,7136,0,576,1530,3530,2537,0,745,1146,2989,3228,0,556,2783,51,48,95,0,8,0,0,0,0,17,0,621,148,8,0,140,471,0,0,61,46,0,0,0,0,0,0,411,0,15,0,19,0,0,0,7,0,6,0,6,25,90,0,0
Polysiphonia_flexicaulis,1,5671,14,247,26,0,59,0,228,154,46,31,0,18,8497,42,55,0,6051,39,32,11,55,0,0,22,0,0,0,0,0,571,620,169,0,51,85,69,0,0,0,0,0,0,0,0,0,239,0,0,0,0,0,0,0,0,0,0,0,0,0,0,0,0
Dumontia_contorta,1,864,302,340,827,0,6502,0,1260,1573,1371,2618,0,760,778,1162,2718,0,296,3090,43,53,58,23,4,39,0,0,0,25,0,163,196,362,0,57,47,0,0,0,0,0,0,0,0,0,0,232,0,0,0,9,6,12,0,0,0,0,0,0,0,0,0,0
Vertebrata_fucoides,1,2839,0,89,0,0,0,0,203,372,0,0,0,0,3333,0,0,0,2156,0,0,0,0,0,0,0,0,135,0,69,0,0,0,0,0,0,0,0,0,0,0,0,0,0,0,0,0,0,0,0,0,0,34,0,0,0,0,0,0,0,0,0,0,0
Balanus_crenatus,0.72,0,0,0,0,0,0,0,0,0,0,66948,0,0,0,0,0,0,0,0,0,0,0,0,0,0,0,0,0,0,0,0,0,0,0,0,0,0,0,0,0,0,0,0,0,0,0,0,0,0,0,0,0,0,0,0,0,0,0,0,0,0,0,0
Balanus_crenatus,0.98,0,0,0,0,0,0,0,0,0,0,0,0,0,0,84571,22163,0,0,0,0,0,0,0,0,0,0,0,0,0,0,0,0,0,0,0,0,0,0,0,0,0,0,0,0,0,0,0,0,0,0,0,0,0,0,0,0,0,0,0,0,0,0,0
Balanus_crenatus,0.98,0,0,0,0,0,0,0,0,0,0,38176,0,0,0,9254,20156,0,0,0,0,0,0,0,0,0,0,0,0,0,0,0,0,4,0,0,0,0,0,0,0,0,0,0,0,0,0,0,0,0,0,0,0,0,0,0,0,0,0,0,0,0,0,0
Obelia_geniculata,1,0,0,11,0,0,0,0,0,0,5,0,0,0,0,0,0,0,0,0,0,0,0,0,656,0,0,1692,20,563,0,0,8,0,0,0,0,0,0,0,0,0,0,0,0,29,0,0,0,0,0,0,0,0,0,0,0,0,0,2083,0,6830,0,0
Littorina_littorea,1,0,628,46,377,0,3396,0,454,0,448,696,0,477,0,889,528,0,0,981,0,0,0,0,0,0,0,0,0,0,0,589,0,457,0,0,0,243,0,0,0,13,0,0,0,0,0,0,0,16,0,0,0,0,0,0,0,0,0,0,0,0,0,0
Littorina_littorea,1,1220,38,108,1151,0,9193,0,883,1460,396,4497,0,678,54,1279,3557,0,744,1008,561,70,0,8,0,0,0,23,1069,0,0,2222,1916,602,0,1023,632,757,0,0,0,0,0,0,0,0,0,66,12,0,0,0,31,59,0,380,0,0,0,0,0,0,0,0
Littorina_littorea,1,0,454,0,0,0,1687,0,0,0,0,1597,0,0,0,1424,2011,0,257,0,0,0,0,0,0,209,0,0,0,0,0,0,0,95,0,0,0,0,0,0,0,0,0,0,0,0,0,0,0,0,0,0,0,0,0,0,0,0,0,0,0,0,0,0
Tortanus_discaudatus,1,0,0,0,0,0,166,0,0,0,166,106,0,557,0,0,195,0,0,0,0,3,0,0,0,0,0,0,0,0,0,0,0,0,0,0,0,0,0,0,115,0,0,0,0,5910,0,753,0,0,0,0,0,0,0,0,0,0,0,0,0,0,0,0
Dynamena_pumila,1,883,7,1439,3,0,355,0,1451,1561,308,192,0,0,720,217,383,0,419,312,53,51,148,342,134,169,0,116,0,62,0,215,284,325,0,214,58,17,0,0,0,48,0,22,0,0,0,256,107,13,0,0,0,0,0,0,0,0,0,79,0,0,0,0
Mytilus_trossulus,1,62,0,0,0,0,0,0,0,0,244,37,0,0,49,266,0,0,443,252,27,23,0,0,59,0,0,0,7,0,0,573,965,0,0,34,0,0,0,784,5593,1162,0,843,0,0,0,7,237,3250,0,0,0,34,0,8,5,0,0,76,0,0,0,0
Micromonas_pusilla,1,6,0,28,16,0,8,0,0,15,25,9,0,8,10,0,0,0,0,11,26,38,20,15,12,13,0,38,6,10,0,23,22,14,0,252,491,510,0,3567,5401,6311,0,3669,1048,3022,0,4629,6924,7479,0,1755,1509,1500,0,673,808,493,0,10349,17833,23359,0,0
Ophiopholis_aculeata,1,0,0,0,0,0,0,0,0,0,0,0,0,0,0,18,0,0,0,0,0,0,0,0,11,0,0,0,0,0,0,0,0,0,0,0,0,0,0,1674,0,1871,0,2485,203,2120,0,37,0,0,0,0,0,0,0,0,0,0,0,0,0,0,0,0
Ophiopholis_aculeata,1,17,0,0,0,0,0,0,0,0,0,36,0,0,0,0,0,0,0,0,0,0,0,0,0,8,0,0,0,0,0,0,0,0,0,0,0,0,0,0,4900,0,0,3631,297,3015,0,0,0,0,0,0,323,0,0,0,0,0,0,0,0,0,0,0
Membranipora_membranacea,1,0,0,0,0,0,0,0,0,0,0,0,0,0,0,0,0,0,0,0,0,0,0,0,0,0,0,0,0,0,0,0,0,14,0,0,0,0,0,1470,1100,1996,0,0,0,0,0,1995,74,1581,0,4989,0,760,0,0,0,0,0,196,0,0,0,0
Membranipora_membranacea,1,0,0,0,0,0,0,0,0,0,0,0,0,0,0,0,0,0,0,0,0,0,0,0,18,0,0,0,0,0,0,0,0,0,0,0,0,1313,0,7685,0,0,0,0,107,0,0,0,0,0,0,0,0,296,0,0,0,0,0,0,0,0,0,0
Membranipora_membranacea,1,128,0,0,0,0,0,0,0,0,0,0,0,0,0,0,0,0,0,0,0,0,0,0,0,0,0,0,0,0,0,216,0,0,0,0,0,0,0,1114,3507,1057,0,27,620,0,0,1353,594,855,0,287,1249,1495,0,17,0,63,0,173,12,99,0,0
Botrylloides_violaceus,1,107,0,155,0,0,14,0,28,229,29,28,0,124,116,49,0,0,67,5,17,56,372,78,39,45,0,198,393,194,0,199,70,137,0,0,18,0,0,82,47,204,0,0,0,9,0,582,1086,764,0,1695,2672,2371,0,166,269,178,0,53,40,22,0,0
Modiolus_modiolus,1,24,0,45,0,0,0,0,0,0,0,0,0,0,0,61,186,0,0,139,11,0,0,0,0,0,0,0,0,0,0,0,26,0,0,0,0,0,0,1858,0,16422,0,0,0,138,0,48386,0,14003,0,0,130,5787,0,0,0,0,0,0,10,5,0,0
Modiolus_modiolus,1,0,0,0,0,0,121,0,7,0,44,56,0,0,0,66,101,0,21,0,0,0,0,0,0,0,0,12,90,0,0,66,0,0,0,0,0,0,0,2133,7330,13737,0,115,0,66,0,42372,2964,20584,0,2112,1772,0,0,0,0,0,0,0,0,0,0,0
Modiolus_modiolus,1,0,0,0,0,0,0,0,0,0,0,0,0,0,0,0,0,0,0,0,0,0,0,0,0,0,0,0,0,0,0,0,0,0,0,0,0,0,0,569,4335,0,0,0,0,0,0,5006,0,1721,0,0,0,0,0,0,0,0,0,0,0,0,0,0
